{
  "rolls": 200000,
  "empirical": {
    "2": 0.027935,
    "3": 0.05588,
    "4": 0.0838,
    "5": 0.11014,
    "6": 0.13923,
    "7": 0.16693,
    "8": 0.139825,
    "9": 0.11065,
    "10": 0.08286,
    "11": 0.055515,
    "12": 0.027235
  },
  "theoretical": {
    "2": 0.027777777777777776,
    "3": 0.05555555555555555,
    "4": 0.08333333333333333,
    "5": 0.1111111111111111,
    "6": 0.1388888888888889,
    "7": 0.16666666666666666,
    "8": 0.1388888888888889,
    "9": 0.1111111111111111,
    "10": 0.08333333333333333,
    "11": 0.05555555555555555,
    "12": 0.027777777777777776
  },
  "metrics": {
    "max_abs_error": 0.0009711111111111032,
    "mae": 0.0004525252525252501,
    "mse": 2.8052210998877385e-07,
    "chi_square": 3.668632999999975e-05
  }
}